year,month,return
2019,1,7.41
2019,2,3.02
2019,3,1.93
2019,4,2.95
2019,5,-0.33
2019,6,2.85
2019,7,1.36
2019,8,0.46
2019,9,-0.54
2019,10,3.07
2019,11,1.41
2019,12,1.83
2020,1,2.29
2020,2,-2.80
2020,3,-3.22
2020,4,5.55
2020,5,2.94
2020,6,1.07
2020,7,2.68
2020,8,5.68
2020,9,-3.23
2020,10,-1.45
2020,11,10.72
2020,12,2.02
2021,1,-4.26
2021,2,6.40
2021,3,1.76
2021,4,5.18
2021,5,0.57
2021,6,0.57
2021,7,1.79
2021,8,2.65
2021,9,0.12
2021,10,2.63
2021,11,-1.57
2021,12,2.46
2022,1,-0.32
2022,2,0.85
2022,3,2.68
2022,4,-1.03
2022,5,-0.67
2022,6,-1.35
2022,7,4.38
2022,8,-0.39
2022,9,-4.13
2022,10,3.38
2022,11,3.50
2022,12,-0.93
2023,1,4.62
2023,2,-0.55
2023,3,2.10
2023,4,2.69
2023,5,-0.85
2023,6,2.53
2023,7,1.12
2023,8,-0.28
2023,9,-1.27
2023,10,-0.41
2023,11,5.38
2023,12,2.89
2024,1,2.17
2024,2,2.29
2024,3,3.15
2024,4,-1.32
2024,5,2.28
2024,6,-1.50
2024,7,2.02
2024,8,1.28
2024,9,1.40
2024,10,-1.02
2024,11,2.86
2024,12,-1.07
2025,1,4.39
2025,2,0.04
2025,3,-1.55
2025,4,1.52
2025,5,4.87
2025,6,2.57
2025,7,1.64
2025,8,0.43
2025,9,0.32
2025,10,1.13
2025,11,0.67
2025,12,0.07
2026,1,0.99
2026,2,0.90
2026,3,-1.47
2026,4,-3.19